{
  "optimal_threshold": 0.8199999999999996,
  "default_threshold": 0.5,
  "best_f1": 0.7333333333333333
}